country,rentalspermil,population2006,numrentals
Ethiopia,0.3075771730183515,74777981,23
Afghanistan,0.5795795388717074,31056997,18
Bangladesh,0.6446562825704104,147365352,95
Pakistan,0.7719978992007168,165803560,128
Nepal,0.777738384150229,28287147,22
Greenland,603.2540231720516,56361,34
Liechtenstein,823.8444110983611,33987,28
Tuvalu,2201.524132091448,11810,26
Nauru,2333.107548731843,13287,31
Anguilla,2597.017140313126,13477,35
